Transaction ID,Date,Gender,Age,Age Group,Product Category,Quantity,Price per Unit,Total Amount
1,2023-11-24,Male,34,Middle Age,Beauty,3,50,150
2,2023-02-27,Female,26,Adolescent,Clothing,2,500,1000
3,2023-01-13,Male,50,Middle Age,Electronics,1,30,30
4,2023-05-21,Male,37,Middle Age,Clothing,1,500,500
5,2023-05-06,Male,30,Adolescent,Beauty,2,50,100
6,2023-04-25,Female,45,Middle Age,Beauty,1,30,30
7,2023-03-13,Male,46,Middle Age,Clothing,2,25,50
8,2023-02-22,Male,30,Adolescent,Electronics,4,25,100
9,2023-12-13,Male,63,Old,Electronics,2,300,600
10,2023-10-07,Female,52,Middle Age,Clothing,4,50,200
11,2023-02-14,Male,23,Adolescent,Clothing,2,50,100
12,2023-10-30,Male,35,Middle Age,Beauty,3,25,75
13,2023-08-05,Male,22,Adolescent,Electronics,3,500,1500
14,2023-01-17,Male,64,Old,Clothing,4,30,120
15,2023-01-16,Female,42,Middle Age,Electronics,4,500,2000
16,2023-02-17,Male,19,Adolescent,Clothing,3,500,1500
17,2023-04-22,Female,27,Adolescent,Clothing,4,25,100
18,2023-04-30,Female,47,Middle Age,Electronics,2,25,50
19,2023-09-16,Female,62,Old,Clothing,2,25,50
20,2023-11-05,Male,22,Adolescent,Clothing,3,300,900
21,2023-01-14,Female,50,Middle Age,Beauty,1,500,500
22,2023-10-15,Male,18,Adolescent,Clothing,2,50,100
23,2023-04-12,Female,35,Middle Age,Clothing,4,30,120
24,2023-11-29,Female,49,Middle Age,Clothing,1,300,300
25,2023-12-26,Female,64,Old,Beauty,1,50,50
26,2023-10-07,Female,28,Adolescent,Electronics,2,500,1000
27,2023-08-03,Female,38,Middle Age,Beauty,2,25,50
28,2023-04-23,Female,43,Middle Age,Beauty,1,500,500
29,2023-08-18,Female,42,Middle Age,Electronics,1,30,30
30,2023-10-29,Female,39,Middle Age,Beauty,3,300,900
31,2023-05-23,Male,44,Middle Age,Electronics,4,300,1200
32,2023-01-04,Male,30,Adolescent,Beauty,3,30,90
33,2023-03-23,Female,50,Middle Age,Electronics,2,50,100
34,2023-12-24,Female,51,Middle Age,Clothing,3,50,150
35,2023-08-05,Female,58,Old,Beauty,3,300,900
36,2023-06-24,Male,52,Middle Age,Beauty,3,300,900
37,2023-05-23,Female,18,Adolescent,Beauty,3,25,75
38,2023-03-21,Male,38,Middle Age,Beauty,4,50,200
39,2023-04-21,Male,23,Adolescent,Clothing,4,30,120
40,2023-06-22,Male,45,Middle Age,Beauty,1,50,50
41,2023-02-22,Male,34,Middle Age,Clothing,2,25,50
42,2023-02-17,Male,22,Adolescent,Clothing,3,300,900
43,2023-07-14,Female,48,Middle Age,Clothing,1,300,300
44,2023-02-19,Female,22,Adolescent,Clothing,1,25,25
45,2023-07-03,Female,55,Old,Electronics,1,30,30
46,2023-06-26,Female,20,Adolescent,Electronics,4,300,1200
47,2023-11-06,Female,40,Middle Age,Beauty,3,500,1500
48,2023-05-16,Male,54,Middle Age,Electronics,3,300,900
49,2023-01-23,Female,54,Middle Age,Electronics,2,500,1000
50,2023-08-24,Female,27,Adolescent,Beauty,3,25,75
51,2023-10-02,Male,27,Adolescent,Beauty,3,25,75
52,2023-03-05,Female,36,Middle Age,Beauty,1,300,300
53,2023-07-13,Male,34,Middle Age,Electronics,2,50,100
54,2023-02-10,Female,38,Middle Age,Electronics,3,500,1500
55,2023-10-10,Male,31,Adolescent,Beauty,4,30,120
56,2023-05-31,Female,26,Adolescent,Clothing,3,300,900
57,2023-11-18,Female,63,Old,Beauty,1,30,30
58,2023-11-13,Male,18,Adolescent,Clothing,4,300,1200
59,2023-07-05,Male,62,Old,Clothing,1,50,50
60,2023-10-23,Male,30,Adolescent,Beauty,3,50,150
61,2023-04-09,Male,21,Adolescent,Beauty,4,50,200
62,2023-12-27,Male,18,Adolescent,Beauty,2,50,100
63,2023-02-05,Male,57,Old,Electronics,2,25,50
64,2023-01-24,Male,49,Middle Age,Clothing,4,25,100
65,2023-12-05,Male,51,Middle Age,Electronics,4,500,2000
66,2023-04-27,Female,45,Middle Age,Electronics,1,30,30
67,2023-05-29,Female,48,Middle Age,Beauty,4,300,1200
68,2023-02-10,Male,25,Adolescent,Electronics,1,300,300
69,2023-04-30,Female,56,Old,Beauty,3,25,75
70,2023-02-21,Female,43,Middle Age,Clothing,1,300,300
71,2023-07-14,Female,51,Middle Age,Beauty,4,25,100
72,2023-05-23,Female,20,Adolescent,Electronics,4,500,2000
73,2023-08-21,Male,29,Adolescent,Electronics,3,30,90
74,2023-11-22,Female,18,Adolescent,Beauty,4,500,2000
75,2023-07-06,Male,61,Old,Beauty,4,50,200
76,2023-03-25,Female,22,Adolescent,Electronics,2,50,100
77,2023-07-09,Female,47,Middle Age,Clothing,2,50,100
78,2023-07-01,Female,47,Middle Age,Clothing,3,500,1500
79,2023-04-18,Male,34,Middle Age,Beauty,1,300,300
80,2023-12-10,Female,64,Old,Clothing,2,30,60
81,2023-05-17,Male,40,Middle Age,Electronics,1,50,50
82,2023-12-26,Female,32,Middle Age,Beauty,4,50,200
83,2023-12-16,Male,54,Middle Age,Electronics,2,50,100
84,2023-11-28,Female,38,Middle Age,Electronics,3,30,90
85,2023-02-06,Male,31,Adolescent,Clothing,3,50,150
86,2023-11-08,Male,19,Adolescent,Beauty,3,30,90
87,2023-11-22,Female,28,Adolescent,Beauty,2,50,100
88,2023-03-29,Male,56,Old,Clothing,1,500,500
89,2023-10-01,Female,55,Old,Electronics,4,500,2000
90,2023-05-06,Female,51,Middle Age,Electronics,1,30,30
91,2023-03-25,Female,55,Old,Electronics,1,500,500
92,2023-08-25,Female,51,Middle Age,Electronics,4,30,120
93,2023-07-14,Female,35,Middle Age,Beauty,4,500,2000
94,2023-05-19,Female,47,Middle Age,Beauty,2,500,1000
95,2023-11-24,Female,32,Middle Age,Clothing,2,30,60
96,2023-12-19,Female,44,Middle Age,Clothing,2,300,600
97,2023-10-13,Female,51,Middle Age,Beauty,2,500,1000
98,2023-04-23,Female,55,Old,Beauty,2,50,100
99,2023-12-17,Female,50,Middle Age,Electronics,4,300,1200
100,2023-06-16,Male,41,Middle Age,Electronics,1,30,30
101,2023-01-29,Male,32,Middle Age,Clothing,2,300,600
102,2023-04-28,Female,47,Middle Age,Beauty,2,25,50
103,2023-01-17,Female,59,Old,Clothing,1,25,25
104,2023-06-11,Female,34,Middle Age,Beauty,2,500,1000
105,2023-07-25,Female,22,Adolescent,Electronics,1,500,500
106,2023-05-18,Female,46,Middle Age,Clothing,1,50,50
107,2023-02-03,Female,21,Adolescent,Clothing,4,300,1200
108,2023-04-19,Female,27,Adolescent,Beauty,3,25,75
109,2023-10-18,Female,34,Middle Age,Electronics,4,500,2000
110,2023-06-11,Male,27,Adolescent,Clothing,3,300,900
111,2023-04-19,Female,34,Middle Age,Electronics,3,500,1500
112,2023-12-02,Male,37,Middle Age,Clothing,3,500,1500
113,2023-09-13,Female,41,Middle Age,Electronics,2,25,50
114,2023-07-22,Female,22,Adolescent,Beauty,4,25,100
115,2023-11-26,Male,51,Middle Age,Clothing,3,500,1500
116,2023-08-23,Female,23,Adolescent,Clothing,1,30,30
117,2023-03-15,Male,19,Adolescent,Electronics,2,500,1000
118,2023-05-16,Female,30,Adolescent,Electronics,4,500,2000
119,2023-03-13,Female,60,Old,Clothing,3,50,150
120,2023-05-07,Male,60,Old,Beauty,1,50,50
121,2023-10-15,Female,28,Adolescent,Electronics,4,50,200
122,2023-10-03,Male,64,Old,Electronics,4,30,120
123,2023-05-15,Female,40,Middle Age,Electronics,2,30,60
124,2023-10-27,Male,33,Middle Age,Clothing,4,500,2000
125,2023-08-08,Male,48,Middle Age,Clothing,2,50,100
126,2023-10-26,Female,28,Adolescent,Clothing,3,30,90
127,2023-07-24,Female,33,Middle Age,Clothing,2,25,50
128,2023-07-05,Male,25,Adolescent,Beauty,1,500,500
129,2023-04-23,Female,21,Adolescent,Beauty,2,300,600
130,2023-03-12,Female,57,Old,Clothing,1,500,500
131,2023-09-18,Female,21,Adolescent,Beauty,2,300,600
132,2023-09-10,Male,42,Middle Age,Electronics,4,50,200
133,2023-02-16,Male,20,Adolescent,Electronics,3,300,900
134,2023-01-25,Male,49,Middle Age,Electronics,1,50,50
135,2023-02-26,Male,20,Adolescent,Clothing,2,25,50
136,2023-03-20,Male,44,Middle Age,Electronics,2,300,600
137,2023-11-18,Male,46,Middle Age,Beauty,2,500,1000
138,2023-03-23,Male,49,Middle Age,Clothing,4,50,200
139,2023-12-15,Male,36,Middle Age,Beauty,4,500,2000
140,2023-08-05,Male,38,Middle Age,Electronics,1,30,30
141,2023-11-02,Female,22,Adolescent,Electronics,1,50,50
142,2023-02-02,Male,35,Middle Age,Electronics,4,300,1200
143,2023-07-17,Female,45,Middle Age,Clothing,1,50,50
144,2023-07-15,Female,59,Old,Beauty,3,500,1500
145,2023-11-02,Female,39,Middle Age,Clothing,3,25,75
146,2023-08-28,Male,38,Middle Age,Clothing,4,50,200
147,2023-09-28,Male,23,Adolescent,Electronics,1,300,300
148,2023-05-09,Male,18,Adolescent,Clothing,2,30,60
149,2023-10-11,Male,22,Adolescent,Clothing,3,25,75
150,2023-01-06,Female,58,Old,Electronics,4,30,120
151,2023-12-15,Male,29,Adolescent,Clothing,1,50,50
152,2023-02-28,Male,43,Middle Age,Electronics,4,500,2000
153,2023-12-16,Male,63,Old,Electronics,2,500,1000
154,2023-10-02,Male,51,Middle Age,Electronics,3,300,900
155,2023-05-17,Male,31,Adolescent,Electronics,4,500,2000
156,2023-11-25,Female,43,Middle Age,Clothing,4,25,100
157,2023-06-24,Male,62,Old,Electronics,4,500,2000
158,2023-02-27,Female,44,Middle Age,Electronics,2,300,600
159,2023-05-31,Male,26,Adolescent,Clothing,4,50,200
160,2023-08-11,Female,43,Middle Age,Clothing,2,50,100
161,2023-03-22,Male,64,Old,Beauty,2,500,1000
162,2023-08-21,Male,39,Middle Age,Clothing,2,30,60
163,2023-01-02,Female,64,Old,Clothing,3,50,150
164,2023-05-15,Female,47,Middle Age,Beauty,3,500,1500
165,2023-09-14,Female,60,Old,Clothing,4,300,1200
166,2023-04-02,Male,34,Middle Age,Clothing,4,500,2000
167,2023-09-17,Female,43,Middle Age,Clothing,3,50,150
168,2023-02-24,Male,53,Middle Age,Clothing,1,300,300
169,2023-11-17,Male,18,Adolescent,Beauty,3,500,1500
170,2023-06-02,Female,25,Adolescent,Clothing,2,25,50
171,2023-11-24,Female,52,Middle Age,Clothing,3,300,900
172,2023-09-17,Male,32,Middle Age,Beauty,2,25,50
173,2023-11-08,Male,64,Old,Electronics,4,30,120
174,2023-04-12,Female,39,Middle Age,Beauty,1,300,300
175,2023-03-20,Female,31,Adolescent,Electronics,4,25,100
176,2023-07-11,Female,43,Middle Age,Beauty,2,50,100
177,2023-03-24,Male,45,Middle Age,Beauty,2,50,100
178,2023-10-04,Male,40,Middle Age,Clothing,2,30,60
179,2023-09-29,Male,31,Adolescent,Electronics,1,300,300
180,2023-01-01,Male,41,Middle Age,Clothing,3,300,900
181,2023-11-03,Male,19,Adolescent,Electronics,4,300,1200
182,2023-06-15,Male,62,Old,Beauty,4,30,120
183,2023-09-08,Female,43,Middle Age,Beauty,3,300,900
184,2023-01-10,Male,31,Adolescent,Electronics,4,50,200
185,2023-02-27,Male,24,Adolescent,Clothing,1,25,25
186,2023-07-05,Male,20,Adolescent,Clothing,4,50,200
187,2023-06-07,Female,64,Old,Clothing,2,50,100
188,2023-05-03,Male,40,Middle Age,Clothing,3,25,75
189,2023-01-30,Male,63,Old,Beauty,1,50,50
190,2023-05-04,Female,60,Old,Beauty,3,30,90
191,2023-10-18,Male,64,Old,Beauty,1,25,25
192,2023-02-10,Male,62,Old,Beauty,2,50,100
193,2023-02-13,Male,35,Middle Age,Beauty,3,500,1500
194,2023-09-06,Male,55,Old,Clothing,4,50,200
195,2023-02-05,Male,52,Middle Age,Clothing,1,30,30
196,2023-09-30,Female,32,Middle Age,Clothing,3,300,900
197,2023-03-06,Female,42,Middle Age,Clothing,4,50,200
198,2023-03-07,Female,54,Middle Age,Beauty,3,300,900
199,2023-12-04,Male,45,Middle Age,Beauty,3,500,1500
200,2023-09-01,Male,27,Adolescent,Beauty,3,50,150
201,2023-10-09,Male,56,Old,Electronics,1,25,25
202,2023-03-26,Female,34,Middle Age,Clothing,4,300,1200
203,2023-05-16,Male,56,Old,Clothing,2,500,1000
204,2023-09-28,Male,39,Middle Age,Beauty,1,25,25
205,2023-11-07,Female,43,Middle Age,Clothing,1,25,25
206,2023-08-05,Male,61,Old,Clothing,1,25,25
207,2023-04-19,Female,42,Middle Age,Beauty,2,25,50
208,2023-10-04,Female,34,Middle Age,Electronics,4,50,200
209,2023-12-20,Female,30,Adolescent,Electronics,4,50,200
210,2023-04-13,Male,37,Middle Age,Electronics,4,50,200
211,2024-01-01,Male,42,Middle Age,Beauty,3,500,1500
212,2023-06-09,Male,21,Adolescent,Clothing,3,500,1500
213,2023-07-24,Male,27,Adolescent,Beauty,3,500,1500
214,2023-12-10,Male,20,Adolescent,Beauty,2,30,60
215,2023-11-29,Male,58,Old,Clothing,3,500,1500
216,2023-07-11,Male,62,Old,Electronics,2,50,100
217,2023-08-13,Female,35,Middle Age,Electronics,4,50,200
218,2023-09-22,Male,64,Old,Beauty,3,30,90
219,2023-08-20,Female,53,Middle Age,Electronics,3,30,90
220,2023-03-03,Male,64,Old,Beauty,1,500,500
221,2023-05-07,Male,39,Middle Age,Beauty,2,300,600
222,2023-04-26,Male,51,Middle Age,Clothing,4,30,120
223,2023-02-02,Female,64,Old,Clothing,1,25,25
224,2023-06-23,Female,25,Adolescent,Clothing,1,50,50
225,2023-01-11,Female,57,Old,Beauty,4,25,100
226,2023-10-29,Female,61,Old,Clothing,1,50,50
227,2023-10-11,Male,36,Middle Age,Electronics,2,50,100
228,2023-04-28,Female,59,Old,Electronics,2,30,60
229,2023-10-29,Male,58,Old,Beauty,3,30,90
230,2023-04-23,Male,54,Middle Age,Beauty,1,25,25
231,2023-01-04,Female,23,Adolescent,Clothing,3,50,150
232,2023-02-06,Female,43,Middle Age,Beauty,1,25,25
233,2023-12-29,Female,51,Middle Age,Beauty,2,300,600
234,2023-11-20,Female,62,Old,Electronics,2,25,50
235,2023-01-31,Female,23,Adolescent,Electronics,2,500,1000
236,2023-04-28,Female,54,Middle Age,Clothing,1,25,25
237,2023-02-04,Female,50,Middle Age,Beauty,2,500,1000
238,2023-01-17,Female,39,Middle Age,Beauty,1,500,500
239,2023-06-19,Male,38,Middle Age,Electronics,3,500,1500
240,2023-02-06,Female,23,Adolescent,Beauty,1,300,300
241,2023-09-21,Female,23,Adolescent,Electronics,3,25,75
242,2023-05-02,Male,21,Adolescent,Clothing,1,25,25
243,2023-05-23,Female,47,Middle Age,Electronics,3,300,900
244,2023-12-09,Male,28,Adolescent,Beauty,2,50,100
245,2023-09-06,Male,47,Middle Age,Clothing,3,30,90
246,2023-04-20,Female,48,Middle Age,Electronics,2,25,50
247,2023-10-04,Male,41,Middle Age,Electronics,2,30,60
248,2023-03-09,Male,26,Adolescent,Clothing,3,300,900
249,2023-10-20,Male,20,Adolescent,Clothing,1,50,50
250,2023-10-23,Male,48,Middle Age,Electronics,1,50,50
251,2023-08-31,Female,57,Old,Beauty,4,50,200
252,2023-05-05,Male,54,Middle Age,Electronics,1,300,300
253,2023-08-31,Female,53,Middle Age,Clothing,4,500,2000
254,2023-07-28,Male,41,Middle Age,Electronics,1,500,500
255,2023-04-08,Male,48,Middle Age,Clothing,1,30,30
256,2023-02-18,Male,23,Adolescent,Clothing,2,500,1000
257,2023-02-19,Male,19,Adolescent,Beauty,4,500,2000
258,2023-12-04,Female,37,Middle Age,Clothing,1,50,50
259,2023-08-09,Female,45,Middle Age,Clothing,4,50,200
260,2023-07-01,Male,28,Adolescent,Beauty,2,30,60
261,2023-08-05,Male,21,Adolescent,Clothing,2,25,50
262,2023-07-30,Female,32,Middle Age,Beauty,4,30,120
263,2023-08-28,Male,23,Adolescent,Beauty,2,30,60
264,2023-01-28,Male,47,Middle Age,Clothing,3,300,900
265,2023-12-11,Male,55,Old,Clothing,3,300,900
266,2023-12-01,Female,19,Adolescent,Electronics,2,30,60
267,2023-11-27,Female,32,Middle Age,Beauty,3,30,90
268,2023-02-20,Female,28,Adolescent,Electronics,1,30,30
269,2023-02-01,Male,25,Adolescent,Clothing,4,500,2000
270,2023-07-26,Male,43,Middle Age,Electronics,1,300,300
271,2023-06-23,Female,62,Old,Beauty,4,30,120
272,2023-02-25,Female,61,Old,Electronics,2,50,100
273,2023-05-08,Female,22,Adolescent,Beauty,1,50,50
274,2023-04-09,Female,23,Adolescent,Clothing,2,500,1000
275,2023-04-08,Male,43,Middle Age,Clothing,2,500,1000
276,2023-10-02,Female,21,Adolescent,Beauty,4,25,100
277,2023-08-18,Male,36,Middle Age,Clothing,4,25,100
278,2023-03-13,Female,37,Middle Age,Clothing,4,25,100
279,2023-08-05,Male,50,Middle Age,Clothing,1,500,500
280,2023-04-04,Female,37,Middle Age,Clothing,3,500,1500
281,2023-05-23,Female,29,Adolescent,Beauty,4,500,2000
282,2023-08-25,Female,64,Old,Electronics,4,50,200
283,2023-05-08,Female,18,Adolescent,Electronics,1,500,500
284,2023-02-08,Male,43,Middle Age,Clothing,4,50,200
285,2023-08-15,Female,31,Adolescent,Electronics,1,25,25
286,2023-10-09,Male,55,Old,Electronics,2,25,50
287,2023-02-20,Male,54,Middle Age,Clothing,4,25,100
288,2023-01-26,Male,28,Adolescent,Clothing,4,30,120
289,2023-11-30,Male,53,Middle Age,Electronics,2,30,60
290,2023-10-04,Female,30,Adolescent,Beauty,2,300,600
291,2023-01-08,Male,60,Old,Clothing,2,300,600
292,2023-02-17,Male,20,Adolescent,Beauty,4,300,1200
293,2023-05-02,Male,50,Middle Age,Electronics,3,30,90
294,2023-03-27,Female,23,Adolescent,Clothing,3,30,90
295,2023-07-28,Female,27,Adolescent,Beauty,3,300,900
296,2023-09-06,Female,22,Adolescent,Clothing,4,300,1200
297,2023-09-04,Female,40,Middle Age,Electronics,2,500,1000
298,2023-04-20,Male,27,Adolescent,Beauty,4,300,1200
299,2023-07-25,Male,61,Old,Electronics,2,500,1000
300,2023-01-31,Female,19,Adolescent,Electronics,4,50,200
301,2023-03-26,Male,30,Adolescent,Clothing,4,30,120
302,2023-07-14,Male,57,Old,Beauty,2,300,600
303,2023-01-02,Male,19,Adolescent,Electronics,3,30,90
304,2023-07-19,Female,37,Middle Age,Electronics,2,30,60
305,2023-05-16,Female,18,Adolescent,Beauty,1,30,30
306,2023-08-21,Male,54,Middle Age,Electronics,1,50,50
307,2023-05-27,Female,26,Adolescent,Electronics,2,25,50
308,2023-08-05,Female,34,Middle Age,Beauty,4,300,1200
309,2023-12-23,Female,26,Adolescent,Beauty,1,25,25
310,2023-10-12,Female,28,Adolescent,Beauty,1,25,25
311,2023-12-05,Female,32,Middle Age,Beauty,4,25,100
312,2023-09-07,Male,41,Middle Age,Clothing,4,30,120
313,2023-03-21,Female,55,Old,Beauty,3,500,1500
314,2023-04-08,Male,52,Middle Age,Clothing,4,30,120
315,2023-06-01,Male,47,Middle Age,Clothing,2,30,60
316,2023-04-22,Female,48,Middle Age,Clothing,2,25,50
317,2023-01-30,Male,22,Adolescent,Electronics,3,30,90
318,2023-10-24,Male,61,Old,Clothing,1,25,25
319,2023-10-05,Male,31,Adolescent,Clothing,1,500,500
320,2023-02-01,Female,28,Adolescent,Electronics,4,300,1200
321,2023-06-10,Female,26,Adolescent,Electronics,2,25,50
322,2023-01-30,Male,51,Middle Age,Electronics,1,500,500
323,2023-01-26,Female,29,Adolescent,Beauty,3,300,900
324,2023-10-27,Female,52,Middle Age,Electronics,3,50,150
325,2023-09-02,Female,52,Middle Age,Electronics,2,25,50
326,2023-09-15,Female,18,Adolescent,Clothing,3,25,75
327,2023-09-29,Male,57,Old,Electronics,3,50,150
328,2023-03-22,Male,39,Middle Age,Beauty,2,50,100
329,2023-01-30,Female,46,Middle Age,Electronics,4,25,100
330,2023-09-18,Female,25,Adolescent,Beauty,4,50,200
331,2023-02-11,Male,28,Adolescent,Electronics,3,30,90
332,2023-04-06,Male,58,Old,Electronics,4,300,1200
333,2023-02-05,Female,54,Middle Age,Electronics,4,300,1200
334,2023-11-01,Male,31,Adolescent,Electronics,3,300,900
335,2023-02-04,Female,47,Middle Age,Beauty,4,30,120
336,2023-12-12,Female,52,Middle Age,Beauty,3,50,150
337,2023-05-01,Male,38,Middle Age,Clothing,1,500,500
338,2023-07-26,Male,54,Middle Age,Beauty,2,50,100
339,2023-03-03,Female,22,Adolescent,Electronics,2,25,50
340,2023-10-19,Female,36,Middle Age,Clothing,4,300,1200
341,2023-05-07,Male,31,Adolescent,Clothing,4,50,200
342,2023-10-24,Female,43,Middle Age,Clothing,4,500,2000
343,2023-11-01,Male,21,Adolescent,Electronics,2,25,50
344,2023-01-21,Female,42,Middle Age,Beauty,1,30,30
345,2023-11-14,Male,62,Old,Electronics,1,30,30
346,2023-02-11,Male,59,Old,Clothing,2,500,1000
347,2023-08-03,Male,42,Middle Age,Electronics,1,25,25
348,2023-12-03,Female,35,Middle Age,Electronics,2,300,600
349,2023-10-26,Female,57,Old,Beauty,1,50,50
350,2023-10-17,Male,25,Adolescent,Beauty,3,25,75
351,2023-09-25,Female,56,Old,Clothing,3,30,90
352,2023-06-11,Male,57,Old,Electronics,2,500,1000
353,2023-05-14,Male,31,Adolescent,Electronics,1,500,500
354,2023-04-15,Female,49,Middle Age,Beauty,4,50,200
355,2023-12-09,Female,55,Old,Electronics,1,500,500
356,2023-06-10,Male,50,Middle Age,Electronics,3,500,1500
357,2023-05-03,Female,40,Middle Age,Electronics,3,25,75
358,2023-05-16,Female,32,Middle Age,Beauty,1,300,300
359,2023-07-22,Male,50,Middle Age,Clothing,1,50,50
360,2023-03-09,Male,42,Middle Age,Clothing,4,25,100
361,2023-12-10,Female,34,Middle Age,Electronics,4,300,1200
362,2023-11-27,Male,50,Middle Age,Clothing,1,25,25
363,2023-06-03,Male,64,Old,Beauty,1,25,25
364,2023-08-23,Female,19,Adolescent,Beauty,1,500,500
365,2023-06-11,Male,31,Adolescent,Clothing,1,300,300
366,2023-02-07,Male,57,Old,Clothing,2,50,100
367,2023-01-05,Female,57,Old,Electronics,1,50,50
368,2023-08-23,Female,56,Old,Clothing,4,300,1200
369,2023-11-15,Male,23,Adolescent,Electronics,3,500,1500
370,2023-10-16,Male,23,Adolescent,Electronics,2,30,60
371,2023-02-21,Female,20,Adolescent,Beauty,1,25,25
372,2023-02-07,Female,24,Adolescent,Beauty,3,500,1500
373,2023-10-03,Female,25,Adolescent,Beauty,2,300,600
374,2023-04-20,Female,59,Old,Beauty,3,25,75
375,2023-09-17,Male,32,Middle Age,Clothing,1,50,50
376,2023-05-16,Female,64,Old,Beauty,1,30,30
377,2023-03-09,Female,46,Middle Age,Clothing,4,50,200
378,2023-06-28,Male,50,Middle Age,Beauty,1,300,300
379,2023-02-05,Female,47,Middle Age,Clothing,1,25,25
380,2023-05-06,Male,56,Old,Electronics,2,300,600
381,2023-07-09,Female,44,Middle Age,Clothing,4,25,100
382,2023-05-26,Female,53,Middle Age,Clothing,2,500,1000
383,2023-03-22,Female,46,Middle Age,Beauty,3,30,90
384,2023-08-13,Male,55,Old,Clothing,1,500,500
385,2023-10-06,Male,50,Middle Age,Electronics,3,500,1500
386,2023-12-27,Female,54,Middle Age,Electronics,2,300,600
387,2023-06-04,Male,44,Middle Age,Beauty,1,30,30
388,2023-11-10,Male,50,Middle Age,Electronics,1,25,25
389,2023-12-01,Male,21,Adolescent,Clothing,2,25,50
390,2023-09-28,Male,39,Middle Age,Electronics,2,50,100
391,2023-01-05,Male,19,Adolescent,Beauty,2,25,50
392,2023-12-08,Male,27,Adolescent,Clothing,2,300,600
393,2023-10-11,Female,22,Adolescent,Beauty,2,500,1000
394,2023-06-03,Female,27,Adolescent,Clothing,1,500,500
395,2023-12-06,Male,50,Middle Age,Electronics,2,500,1000
396,2023-02-23,Female,55,Old,Beauty,1,30,30
397,2023-03-10,Female,30,Adolescent,Beauty,1,25,25
398,2023-05-16,Female,48,Middle Age,Clothing,2,300,600
399,2023-03-01,Female,64,Old,Beauty,2,30,60
400,2023-02-24,Male,53,Middle Age,Clothing,4,50,200
401,2023-10-11,Female,62,Old,Clothing,1,300,300
402,2023-03-21,Female,41,Middle Age,Clothing,2,300,600
403,2023-05-20,Male,32,Middle Age,Clothing,2,300,600
404,2023-05-25,Male,46,Middle Age,Electronics,2,500,1000
405,2023-11-06,Female,25,Adolescent,Clothing,4,300,1200
406,2023-04-18,Female,22,Adolescent,Beauty,4,25,100
407,2023-06-25,Female,46,Middle Age,Electronics,3,300,900
408,2023-04-15,Female,64,Old,Beauty,1,500,500
409,2023-12-18,Female,21,Adolescent,Electronics,3,300,900
410,2023-11-21,Female,29,Adolescent,Clothing,2,50,100
411,2023-05-16,Male,62,Old,Electronics,4,50,200
412,2023-09-16,Female,19,Adolescent,Electronics,4,500,2000
413,2023-09-08,Female,44,Middle Age,Beauty,3,25,75
414,2023-05-09,Male,48,Middle Age,Beauty,4,25,100
415,2023-01-27,Male,53,Middle Age,Clothing,2,30,60
416,2023-02-17,Male,53,Middle Age,Electronics,4,500,2000
417,2023-11-21,Male,43,Middle Age,Electronics,3,300,900
418,2023-08-05,Female,60,Old,Electronics,2,500,1000
419,2023-05-22,Female,44,Middle Age,Clothing,3,30,90
420,2023-01-23,Female,22,Adolescent,Clothing,4,500,2000
421,2023-01-02,Female,37,Middle Age,Clothing,3,500,1500
422,2023-06-20,Female,28,Adolescent,Clothing,3,30,90
423,2023-03-08,Female,27,Adolescent,Clothing,1,25,25
424,2023-11-23,Male,57,Old,Beauty,4,300,1200
425,2023-05-15,Female,55,Old,Electronics,4,30,120
426,2023-03-24,Male,23,Adolescent,Electronics,3,50,150
427,2023-08-15,Male,25,Adolescent,Electronics,1,25,25
428,2023-10-10,Female,40,Middle Age,Electronics,4,50,200
429,2023-12-28,Male,64,Old,Electronics,2,25,50
430,2023-08-07,Female,43,Middle Age,Electronics,3,300,900
431,2023-10-15,Male,63,Old,Electronics,4,300,1200
432,2023-01-05,Female,60,Old,Electronics,2,500,1000
433,2023-02-27,Male,29,Adolescent,Beauty,4,50,200
434,2023-02-08,Female,43,Middle Age,Electronics,2,25,50
435,2023-12-20,Female,30,Adolescent,Beauty,3,300,900
436,2023-03-18,Female,57,Old,Clothing,4,30,120
437,2023-10-07,Female,35,Middle Age,Electronics,4,300,1200
438,2023-01-19,Female,42,Middle Age,Clothing,1,30,30
439,2023-07-09,Male,50,Middle Age,Clothing,3,25,75
440,2023-10-26,Male,64,Old,Clothing,2,300,600
441,2023-10-10,Male,57,Old,Beauty,4,300,1200
442,2023-03-17,Female,60,Old,Clothing,4,25,100
443,2023-08-09,Male,29,Adolescent,Clothing,2,300,600
444,2023-03-07,Female,61,Old,Clothing,3,30,90
445,2023-01-22,Female,53,Middle Age,Electronics,1,300,300
446,2023-06-07,Male,21,Adolescent,Electronics,1,50,50
447,2023-07-06,Male,22,Adolescent,Beauty,4,500,2000
448,2023-01-21,Female,54,Middle Age,Beauty,2,30,60
449,2023-07-03,Male,25,Adolescent,Electronics,4,50,200
450,2023-04-18,Female,59,Old,Beauty,2,25,50
451,2023-12-16,Female,45,Middle Age,Electronics,1,30,30
452,2023-05-08,Female,48,Middle Age,Clothing,3,500,1500
453,2023-12-08,Female,26,Adolescent,Clothing,2,500,1000
454,2023-02-22,Female,46,Middle Age,Beauty,1,25,25
455,2023-07-01,Male,31,Adolescent,Electronics,4,25,100
456,2023-10-14,Male,57,Old,Electronics,2,30,60
457,2023-07-28,Female,58,Old,Beauty,3,300,900
458,2023-11-14,Female,39,Middle Age,Electronics,4,25,100
459,2023-03-21,Male,28,Adolescent,Clothing,4,300,1200
460,2023-05-02,Male,40,Middle Age,Beauty,1,50,50
461,2023-03-25,Female,18,Adolescent,Beauty,2,500,1000
462,2023-04-01,Male,63,Old,Electronics,4,300,1200
463,2023-07-31,Female,54,Middle Age,Beauty,3,500,1500
464,2023-01-13,Male,38,Middle Age,Electronics,2,300,600
465,2023-04-02,Female,43,Middle Age,Electronics,3,50,150
466,2023-06-20,Male,63,Old,Electronics,4,25,100
467,2023-07-30,Female,53,Middle Age,Electronics,3,50,150
468,2023-12-09,Male,40,Middle Age,Electronics,1,25,25
469,2023-05-08,Male,18,Adolescent,Beauty,3,25,75
470,2023-05-17,Female,57,Old,Clothing,2,500,1000
471,2023-03-23,Male,32,Middle Age,Clothing,3,50,150
472,2023-12-26,Female,38,Middle Age,Beauty,3,300,900
473,2023-02-25,Male,64,Old,Beauty,1,50,50
474,2023-07-15,Female,26,Adolescent,Clothing,3,500,1500
475,2023-01-20,Male,26,Adolescent,Clothing,3,25,75
476,2023-08-29,Female,27,Adolescent,Clothing,4,500,2000
477,2023-04-24,Male,43,Middle Age,Clothing,4,30,120
478,2023-04-13,Female,58,Old,Clothing,2,30,60
479,2023-08-24,Male,52,Middle Age,Electronics,4,300,1200
480,2023-06-29,Female,42,Middle Age,Beauty,4,500,2000
481,2023-06-06,Female,43,Middle Age,Electronics,4,300,1200
482,2023-04-27,Female,28,Adolescent,Clothing,4,300,1200
483,2023-04-25,Male,55,Old,Clothing,1,30,30
484,2023-01-13,Female,19,Adolescent,Clothing,4,300,1200
485,2023-12-04,Male,24,Adolescent,Electronics,1,30,30
486,2023-04-09,Female,35,Middle Age,Electronics,1,25,25
487,2023-07-24,Male,44,Middle Age,Clothing,4,500,2000
488,2023-06-18,Female,51,Middle Age,Electronics,3,300,900
489,2023-05-23,Male,44,Middle Age,Electronics,1,30,30
490,2023-02-05,Male,34,Middle Age,Clothing,3,50,150
491,2023-05-23,Female,60,Old,Electronics,3,300,900
492,2023-06-29,Male,61,Old,Beauty,4,25,100
493,2023-11-25,Male,41,Middle Age,Beauty,2,25,50
494,2023-09-18,Female,42,Middle Age,Beauty,4,50,200
495,2023-07-24,Male,24,Adolescent,Beauty,2,30,60
496,2023-12-14,Male,23,Adolescent,Clothing,2,300,600
497,2023-10-02,Male,41,Middle Age,Clothing,4,30,120
498,2023-06-19,Female,50,Middle Age,Clothing,4,25,100
499,2023-01-15,Male,46,Middle Age,Beauty,2,30,60
500,2023-03-01,Female,60,Old,Beauty,4,25,100
501,2023-05-14,Male,39,Middle Age,Electronics,2,30,60
502,2023-04-02,Male,43,Middle Age,Electronics,3,50,150
503,2023-10-25,Male,45,Middle Age,Beauty,4,500,2000
504,2023-05-16,Female,38,Middle Age,Beauty,3,50,150
505,2023-01-20,Male,24,Adolescent,Beauty,1,50,50
506,2023-02-25,Male,34,Middle Age,Beauty,3,500,1500
507,2023-11-02,Female,37,Middle Age,Electronics,3,500,1500
508,2023-08-11,Male,58,Old,Beauty,2,300,600
509,2023-06-26,Female,37,Middle Age,Electronics,3,300,900
510,2023-06-10,Female,39,Middle Age,Beauty,4,50,200
511,2023-08-12,Male,45,Middle Age,Beauty,2,50,100
512,2023-11-07,Female,57,Old,Beauty,1,25,25
513,2023-09-19,Male,24,Adolescent,Electronics,4,25,100
514,2023-03-01,Female,18,Adolescent,Electronics,1,300,300
515,2023-07-17,Female,49,Middle Age,Clothing,3,300,900
516,2023-10-23,Male,30,Adolescent,Beauty,4,25,100
517,2023-04-08,Female,47,Middle Age,Clothing,4,25,100
518,2023-05-11,Female,40,Middle Age,Clothing,1,30,30
519,2023-01-23,Female,36,Middle Age,Electronics,4,30,120
520,2023-12-29,Female,49,Middle Age,Electronics,4,25,100
521,2023-08-12,Female,47,Middle Age,Clothing,4,30,120
522,2023-01-01,Male,46,Middle Age,Beauty,3,500,1500
523,2023-09-24,Female,62,Old,Electronics,1,300,300
524,2023-10-03,Male,46,Middle Age,Beauty,4,300,1200
525,2023-12-18,Female,47,Middle Age,Beauty,2,25,50
526,2023-12-10,Male,33,Middle Age,Clothing,2,50,100
527,2023-04-11,Male,57,Old,Clothing,2,25,50
528,2023-07-06,Female,36,Middle Age,Clothing,2,30,60
529,2023-08-09,Female,35,Middle Age,Clothing,3,50,150
530,2023-02-05,Female,18,Adolescent,Electronics,4,30,120
531,2023-12-07,Male,31,Adolescent,Electronics,1,500,500
532,2023-06-19,Female,64,Old,Clothing,4,30,120
533,2023-11-16,Male,19,Adolescent,Electronics,3,500,1500
534,2023-06-10,Male,45,Middle Age,Clothing,2,500,1000
535,2023-12-06,Male,47,Middle Age,Beauty,3,30,90
536,2023-03-05,Female,55,Old,Beauty,4,30,120
537,2023-06-03,Female,21,Adolescent,Beauty,1,500,500
538,2023-09-17,Male,18,Adolescent,Clothing,3,50,150
539,2023-06-08,Male,25,Adolescent,Beauty,1,500,500
540,2023-12-08,Female,46,Middle Age,Electronics,3,300,900
541,2023-07-29,Male,56,Old,Beauty,1,500,500
542,2023-06-17,Female,20,Adolescent,Beauty,1,50,50
543,2023-07-26,Male,49,Middle Age,Beauty,2,300,600
544,2023-12-23,Female,27,Adolescent,Electronics,1,25,25
545,2023-06-01,Male,27,Adolescent,Clothing,2,25,50
546,2023-10-11,Female,36,Middle Age,Electronics,4,50,200
547,2023-03-07,Male,63,Old,Clothing,4,500,2000
548,2023-04-09,Female,51,Middle Age,Clothing,2,30,60
549,2023-08-04,Female,50,Middle Age,Beauty,2,50,100
550,2023-12-07,Male,40,Middle Age,Clothing,3,300,900
551,2023-07-14,Male,45,Middle Age,Electronics,3,300,900
552,2023-12-13,Female,49,Middle Age,Electronics,3,25,75
553,2023-03-31,Male,24,Adolescent,Clothing,4,300,1200
554,2023-11-12,Female,46,Middle Age,Beauty,3,50,150
555,2023-10-19,Male,25,Adolescent,Beauty,1,300,300
556,2023-06-04,Female,18,Adolescent,Electronics,1,50,50
557,2023-07-27,Female,20,Adolescent,Beauty,3,30,90
558,2023-10-08,Female,41,Middle Age,Clothing,1,25,25
559,2023-01-01,Female,40,Middle Age,Clothing,4,300,1200
560,2023-06-05,Female,25,Adolescent,Electronics,1,50,50
561,2023-05-27,Female,64,Old,Clothing,4,500,2000
562,2023-04-18,Male,54,Middle Age,Electronics,2,25,50
563,2023-08-09,Male,20,Adolescent,Clothing,2,30,60
564,2023-10-24,Male,50,Middle Age,Electronics,2,50,100
565,2023-11-07,Female,45,Middle Age,Beauty,2,30,60
566,2023-12-02,Female,64,Old,Clothing,1,30,30
567,2023-06-14,Female,25,Adolescent,Clothing,3,300,900
568,2023-08-27,Female,51,Middle Age,Electronics,1,300,300
569,2023-08-15,Male,52,Middle Age,Electronics,4,50,200
570,2023-08-15,Male,49,Middle Age,Clothing,1,500,500
571,2023-12-12,Female,41,Middle Age,Electronics,1,50,50
572,2023-04-20,Male,31,Adolescent,Clothing,4,500,2000
573,2023-09-19,Male,49,Middle Age,Beauty,2,30,60
574,2023-08-31,Female,63,Old,Electronics,2,25,50
575,2023-03-28,Male,60,Old,Clothing,2,50,100
576,2023-12-04,Female,33,Middle Age,Beauty,3,50,150
577,2023-02-13,Male,21,Adolescent,Beauty,4,500,2000
578,2023-05-26,Female,54,Middle Age,Clothing,4,30,120
579,2023-09-21,Female,38,Middle Age,Electronics,1,30,30
580,2023-12-06,Female,31,Adolescent,Clothing,3,500,1500
581,2023-11-21,Female,48,Middle Age,Beauty,2,30,60
582,2023-11-14,Male,35,Middle Age,Clothing,3,300,900
583,2023-06-21,Female,24,Adolescent,Electronics,4,25,100
584,2023-02-17,Female,27,Adolescent,Beauty,4,50,200
585,2023-05-01,Female,24,Adolescent,Clothing,1,25,25
586,2023-12-11,Male,50,Middle Age,Electronics,1,50,50
587,2023-06-08,Female,40,Middle Age,Beauty,4,300,1200
588,2023-04-26,Male,38,Middle Age,Electronics,2,30,60
589,2023-04-12,Female,36,Middle Age,Beauty,2,500,1000
590,2023-03-17,Male,36,Middle Age,Clothing,3,300,900
591,2023-01-13,Male,53,Middle Age,Electronics,4,25,100
592,2023-01-24,Female,46,Middle Age,Beauty,4,500,2000
593,2023-05-06,Male,35,Middle Age,Electronics,2,30,60
594,2023-09-01,Female,19,Adolescent,Electronics,2,300,600
595,2023-11-09,Female,18,Adolescent,Clothing,4,500,2000
596,2023-02-07,Female,64,Old,Electronics,1,300,300
597,2023-08-22,Male,22,Adolescent,Beauty,4,300,1200
598,2023-08-01,Male,37,Middle Age,Beauty,4,30,120
599,2023-11-19,Female,28,Adolescent,Beauty,2,50,100
600,2023-10-22,Female,59,Old,Beauty,2,500,1000
601,2023-04-10,Male,19,Adolescent,Clothing,1,30,30
602,2023-12-23,Female,20,Adolescent,Electronics,1,300,300
603,2023-07-16,Female,40,Middle Age,Clothing,3,30,90
604,2023-09-11,Female,29,Adolescent,Electronics,4,50,200
605,2023-07-24,Male,37,Middle Age,Electronics,2,500,1000
606,2023-05-05,Male,22,Adolescent,Electronics,1,50,50
607,2023-03-17,Male,54,Middle Age,Clothing,3,25,75
608,2023-12-02,Female,55,Old,Electronics,3,500,1500
609,2023-12-19,Female,47,Middle Age,Clothing,2,50,100
610,2023-01-03,Female,26,Adolescent,Beauty,2,300,600
611,2023-02-24,Male,51,Middle Age,Beauty,3,500,1500
612,2023-08-06,Female,61,Old,Electronics,1,500,500
613,2023-04-23,Female,52,Middle Age,Clothing,3,30,90
614,2023-04-01,Female,39,Middle Age,Beauty,4,300,1200
615,2023-12-23,Female,61,Old,Clothing,4,25,100
616,2023-09-23,Male,41,Middle Age,Clothing,2,50,100
617,2023-08-26,Male,34,Middle Age,Electronics,1,30,30
618,2023-01-26,Female,27,Adolescent,Beauty,1,50,50
619,2023-10-13,Male,47,Middle Age,Electronics,4,25,100
620,2023-05-08,Male,63,Old,Electronics,3,25,75
621,2023-03-04,Female,40,Middle Age,Beauty,2,500,1000
622,2023-08-22,Female,49,Middle Age,Beauty,3,25,75
623,2023-03-10,Male,34,Middle Age,Clothing,3,50,150
624,2023-08-26,Female,34,Middle Age,Beauty,3,300,900
625,2023-12-08,Male,31,Adolescent,Clothing,1,300,300
626,2023-09-29,Female,26,Adolescent,Clothing,4,500,2000
627,2023-10-14,Male,57,Old,Clothing,1,50,50
628,2023-11-01,Female,19,Adolescent,Beauty,4,50,200
629,2023-06-12,Male,62,Old,Electronics,2,25,50
630,2023-08-15,Male,42,Middle Age,Clothing,2,50,100
631,2023-11-10,Male,56,Old,Electronics,3,30,90
632,2023-09-16,Female,26,Adolescent,Electronics,4,25,100
633,2023-08-07,Male,39,Middle Age,Beauty,4,30,120
634,2023-10-08,Male,60,Old,Electronics,4,500,2000
635,2023-08-17,Female,63,Old,Electronics,3,300,900
636,2023-03-23,Female,21,Adolescent,Beauty,3,500,1500
637,2023-09-01,Male,43,Middle Age,Clothing,2,300,600
638,2023-08-19,Male,46,Middle Age,Electronics,1,500,500
639,2023-05-13,Female,62,Old,Beauty,4,50,200
640,2023-05-07,Female,51,Middle Age,Electronics,4,30,120
641,2023-11-23,Female,40,Middle Age,Electronics,1,300,300
642,2023-05-22,Female,54,Middle Age,Clothing,4,25,100
643,2023-09-24,Female,28,Adolescent,Electronics,3,30,90
644,2023-09-06,Male,23,Adolescent,Beauty,3,25,75
645,2023-11-17,Female,35,Middle Age,Electronics,4,30,120
646,2023-05-03,Male,38,Middle Age,Clothing,3,30,90
647,2023-05-21,Male,59,Old,Clothing,3,500,1500
648,2023-08-14,Male,53,Middle Age,Beauty,4,300,1200
649,2023-02-09,Female,58,Old,Clothing,2,300,600
650,2024-01-01,Male,55,Old,Electronics,1,30,30
651,2023-05-27,Male,51,Middle Age,Clothing,3,50,150
652,2023-05-01,Female,34,Middle Age,Beauty,2,50,100
653,2023-05-20,Male,54,Middle Age,Clothing,3,25,75
654,2023-06-21,Male,42,Middle Age,Clothing,3,25,75
655,2023-06-13,Female,55,Old,Clothing,1,500,500
656,2023-10-04,Male,29,Adolescent,Beauty,3,30,90
657,2023-02-11,Male,40,Middle Age,Clothing,1,25,25
658,2023-03-12,Male,59,Old,Clothing,1,25,25
659,2023-03-19,Female,39,Middle Age,Electronics,1,30,30
660,2023-04-29,Female,38,Middle Age,Beauty,2,500,1000
661,2023-07-16,Female,44,Middle Age,Clothing,4,25,100
662,2023-12-22,Male,48,Middle Age,Beauty,2,500,1000
663,2023-03-20,Male,23,Adolescent,Clothing,4,300,1200
664,2023-12-28,Female,44,Middle Age,Clothing,4,500,2000
665,2023-04-20,Male,57,Old,Clothing,1,50,50
666,2023-02-02,Male,51,Middle Age,Electronics,3,50,150
667,2023-08-01,Female,29,Adolescent,Electronics,1,500,500
668,2023-07-28,Female,62,Old,Electronics,3,50,150
669,2023-06-19,Male,24,Adolescent,Beauty,4,300,1200
670,2023-10-05,Male,27,Adolescent,Beauty,1,30,30
671,2023-08-27,Male,62,Old,Electronics,3,50,150
672,2023-08-01,Female,34,Middle Age,Beauty,2,50,100
673,2023-02-01,Female,43,Middle Age,Clothing,3,500,1500
674,2023-04-16,Female,38,Middle Age,Clothing,1,300,300
675,2023-08-04,Female,45,Middle Age,Clothing,2,30,60
676,2023-07-19,Male,63,Old,Electronics,3,500,1500
677,2023-10-27,Female,19,Adolescent,Beauty,3,500,1500
678,2023-12-23,Female,60,Old,Electronics,3,300,900
679,2023-01-11,Female,18,Adolescent,Beauty,3,30,90
680,2023-10-22,Female,53,Middle Age,Clothing,3,300,900
681,2023-07-14,Female,43,Middle Age,Electronics,2,30,60
682,2023-09-02,Male,46,Middle Age,Beauty,4,300,1200
683,2023-01-04,Male,38,Middle Age,Beauty,2,500,1000
684,2023-06-30,Female,28,Adolescent,Clothing,2,500,1000
685,2023-06-02,Male,57,Old,Electronics,2,25,50
686,2023-07-19,Female,28,Adolescent,Electronics,4,50,200
687,2023-08-03,Female,53,Middle Age,Electronics,1,300,300
688,2023-10-03,Male,56,Old,Clothing,4,25,100
689,2023-10-07,Male,57,Old,Electronics,2,50,100
690,2023-11-05,Female,52,Middle Age,Clothing,3,300,900
691,2023-04-23,Female,51,Middle Age,Clothing,3,30,90
692,2023-09-07,Female,64,Old,Clothing,2,50,100
693,2023-04-23,Male,41,Middle Age,Beauty,3,500,1500
694,2023-05-20,Female,39,Middle Age,Electronics,2,25,50
695,2023-08-12,Female,22,Adolescent,Electronics,3,50,150
696,2023-09-06,Female,50,Middle Age,Clothing,4,50,200
697,2023-01-15,Male,53,Middle Age,Clothing,1,500,500
698,2023-07-19,Female,64,Old,Electronics,1,300,300
699,2023-06-22,Female,37,Middle Age,Clothing,4,30,120
700,2023-12-09,Male,36,Middle Age,Electronics,4,500,2000
701,2023-12-14,Female,52,Middle Age,Beauty,2,30,60
702,2023-07-27,Female,60,Old,Clothing,2,300,600
703,2023-03-26,Male,34,Middle Age,Electronics,2,50,100
704,2023-08-28,Female,62,Old,Clothing,3,30,90
705,2023-03-07,Male,60,Old,Electronics,2,25,50
706,2023-11-15,Male,51,Middle Age,Electronics,4,25,100
707,2023-10-01,Female,26,Adolescent,Clothing,1,500,500
708,2023-01-14,Female,43,Middle Age,Beauty,3,300,900
709,2023-07-21,Female,19,Adolescent,Electronics,2,500,1000
710,2023-10-31,Female,26,Adolescent,Electronics,3,500,1500
711,2023-10-16,Male,26,Adolescent,Electronics,3,500,1500
712,2023-12-06,Female,57,Old,Beauty,2,25,50
713,2023-01-14,Male,34,Middle Age,Beauty,3,25,75
714,2023-02-12,Female,18,Adolescent,Clothing,1,500,500
715,2023-11-26,Female,42,Middle Age,Beauty,4,25,100
716,2023-08-08,Female,60,Old,Clothing,4,300,1200
717,2023-03-11,Male,57,Old,Clothing,1,500,500
718,2023-08-25,Female,59,Old,Beauty,3,25,75
719,2023-04-04,Female,42,Middle Age,Clothing,2,30,60
720,2023-01-26,Female,56,Old,Beauty,3,500,1500
721,2023-05-14,Female,52,Middle Age,Clothing,1,500,500
722,2023-07-14,Male,20,Adolescent,Beauty,3,300,900
723,2023-06-17,Female,54,Middle Age,Beauty,4,50,200
724,2023-04-19,Male,61,Old,Clothing,3,50,150
725,2023-08-21,Male,61,Old,Electronics,1,300,300
726,2023-06-17,Male,47,Middle Age,Clothing,4,300,1200
727,2023-06-22,Male,55,Old,Beauty,3,300,900
728,2023-07-14,Male,51,Middle Age,Electronics,3,50,150
729,2023-05-23,Male,29,Adolescent,Clothing,4,300,1200
730,2023-08-04,Female,36,Middle Age,Clothing,2,25,50
731,2023-05-10,Male,54,Middle Age,Clothing,4,500,2000
732,2023-02-11,Male,61,Old,Electronics,2,500,1000
733,2023-08-29,Male,34,Middle Age,Beauty,1,30,30
734,2023-01-10,Female,27,Adolescent,Clothing,1,30,30
735,2023-10-04,Female,64,Old,Clothing,4,500,2000
736,2023-01-27,Male,29,Adolescent,Clothing,4,25,100
737,2023-06-29,Female,33,Middle Age,Clothing,1,50,50
738,2023-04-25,Male,41,Middle Age,Clothing,2,50,100
739,2023-11-29,Male,36,Middle Age,Beauty,1,25,25
740,2023-02-05,Female,25,Adolescent,Beauty,4,50,200
741,2023-11-30,Male,48,Middle Age,Clothing,1,300,300
742,2023-01-21,Female,38,Middle Age,Electronics,4,500,2000
743,2023-01-16,Female,34,Middle Age,Beauty,4,500,2000
744,2023-05-07,Male,40,Middle Age,Electronics,1,25,25
745,2023-04-13,Male,54,Middle Age,Beauty,2,50,100
746,2023-01-11,Female,33,Middle Age,Clothing,3,30,90
747,2023-11-15,Male,23,Adolescent,Beauty,1,30,30
748,2023-03-20,Male,25,Adolescent,Clothing,3,50,150
749,2023-05-03,Male,42,Middle Age,Beauty,1,30,30
750,2023-03-06,Female,35,Middle Age,Clothing,3,25,75
751,2023-08-31,Female,42,Middle Age,Clothing,2,25,50
752,2023-12-09,Male,29,Adolescent,Clothing,2,50,100
753,2023-02-28,Female,32,Middle Age,Clothing,1,30,30
754,2023-10-16,Female,43,Middle Age,Electronics,4,25,100
755,2023-04-22,Female,58,Old,Clothing,3,25,75
756,2023-08-27,Female,62,Old,Electronics,4,300,1200
757,2023-12-25,Female,43,Middle Age,Electronics,4,300,1200
758,2023-05-12,Male,64,Old,Clothing,4,25,100
759,2023-07-08,Male,49,Middle Age,Electronics,2,50,100
760,2023-03-27,Male,27,Adolescent,Beauty,1,500,500
761,2023-11-07,Female,33,Middle Age,Clothing,1,500,500
762,2023-11-07,Female,24,Adolescent,Electronics,2,25,50
763,2023-02-28,Male,34,Middle Age,Clothing,2,25,50
764,2023-03-25,Female,40,Middle Age,Clothing,1,25,25
765,2023-06-09,Male,43,Middle Age,Clothing,4,50,200
766,2023-02-25,Male,38,Middle Age,Electronics,3,300,900
767,2023-10-24,Male,39,Middle Age,Beauty,3,25,75
768,2023-01-14,Female,24,Adolescent,Beauty,3,25,75
769,2023-06-09,Female,31,Adolescent,Electronics,4,30,120
770,2023-10-22,Male,32,Middle Age,Clothing,1,50,50
771,2023-12-13,Male,24,Adolescent,Electronics,2,25,50
772,2023-07-12,Male,26,Adolescent,Electronics,1,30,30
773,2023-07-23,Male,25,Adolescent,Electronics,4,500,2000
774,2023-04-12,Female,40,Middle Age,Clothing,2,25,50
775,2023-02-08,Female,46,Middle Age,Electronics,4,25,100
776,2023-10-31,Male,35,Middle Age,Clothing,3,30,90
777,2023-12-20,Male,48,Middle Age,Electronics,3,50,150
778,2023-11-18,Female,47,Middle Age,Beauty,4,25,100
779,2023-05-05,Female,56,Old,Electronics,2,500,1000
780,2023-02-22,Male,52,Middle Age,Electronics,2,25,50
781,2023-12-23,Male,35,Middle Age,Beauty,1,500,500
782,2023-06-04,Male,59,Old,Clothing,3,300,900
783,2023-12-17,Female,56,Old,Clothing,1,300,300
784,2023-11-04,Female,34,Middle Age,Electronics,1,500,500
785,2023-03-03,Female,31,Adolescent,Beauty,4,50,200
786,2023-10-17,Male,48,Middle Age,Clothing,4,25,100
787,2023-01-22,Male,41,Middle Age,Electronics,1,25,25
788,2023-06-27,Female,52,Middle Age,Beauty,3,300,900
789,2023-09-30,Female,61,Old,Clothing,4,500,2000
790,2023-08-08,Male,62,Old,Clothing,1,25,25
791,2023-12-05,Female,51,Middle Age,Beauty,1,25,25
792,2023-07-09,Female,20,Adolescent,Beauty,1,50,50
793,2023-02-05,Male,54,Middle Age,Beauty,1,30,30
794,2023-09-17,Female,60,Old,Beauty,1,300,300
795,2023-11-28,Male,57,Old,Electronics,1,300,300
796,2023-06-24,Male,43,Middle Age,Beauty,4,30,120
797,2023-01-07,Male,40,Middle Age,Clothing,3,25,75
798,2023-08-04,Male,61,Old,Clothing,1,50,50
799,2023-09-08,Male,56,Old,Electronics,2,50,100
800,2023-02-24,Male,32,Middle Age,Clothing,4,300,1200
801,2023-08-10,Male,21,Adolescent,Clothing,4,50,200
802,2023-07-05,Female,46,Middle Age,Beauty,1,30,30
803,2023-11-22,Male,39,Middle Age,Clothing,4,25,100
804,2023-08-24,Male,42,Middle Age,Electronics,1,30,30
805,2023-12-29,Female,30,Adolescent,Beauty,3,500,1500
806,2023-03-20,Female,35,Middle Age,Beauty,3,300,900
807,2023-08-11,Female,50,Middle Age,Electronics,4,50,200
808,2023-04-01,Male,33,Middle Age,Beauty,4,500,2000
809,2023-09-25,Female,62,Old,Beauty,2,50,100
810,2023-11-30,Male,59,Old,Electronics,4,25,100
811,2023-05-19,Male,61,Old,Beauty,2,25,50
812,2023-11-12,Male,19,Adolescent,Electronics,3,25,75
813,2023-10-03,Male,52,Middle Age,Electronics,3,50,150
814,2023-09-05,Female,59,Old,Clothing,1,500,500
815,2023-08-27,Female,51,Middle Age,Clothing,3,25,75
816,2023-08-12,Male,47,Middle Age,Beauty,2,500,1000
817,2023-10-31,Male,30,Adolescent,Beauty,4,50,200
818,2023-05-18,Male,30,Adolescent,Electronics,1,500,500
819,2023-06-15,Female,35,Middle Age,Beauty,2,50,100
820,2023-05-06,Male,49,Middle Age,Electronics,4,50,200
821,2023-02-14,Male,49,Middle Age,Electronics,1,300,300
822,2023-05-23,Female,52,Middle Age,Beauty,3,50,150
823,2023-08-19,Female,56,Old,Electronics,2,50,100
824,2023-05-05,Male,63,Old,Clothing,4,30,120
825,2023-08-26,Female,46,Middle Age,Beauty,1,25,25
826,2023-10-19,Female,46,Middle Age,Clothing,1,300,300
827,2023-11-09,Male,61,Old,Beauty,3,300,900
828,2023-12-09,Female,33,Middle Age,Electronics,4,300,1200
829,2023-07-14,Male,61,Old,Beauty,3,30,90
830,2023-06-22,Female,64,Old,Clothing,3,50,150
831,2023-01-15,Male,27,Adolescent,Electronics,4,25,100
832,2023-09-11,Male,47,Middle Age,Beauty,4,500,2000
833,2023-06-16,Male,42,Middle Age,Beauty,4,50,200
834,2023-04-04,Female,56,Old,Beauty,2,30,60
835,2023-09-07,Male,37,Middle Age,Clothing,4,50,200
836,2023-04-19,Female,22,Adolescent,Clothing,1,50,50
837,2023-07-01,Male,18,Adolescent,Beauty,3,30,90
838,2023-05-13,Male,47,Middle Age,Electronics,2,300,600
839,2023-06-24,Female,20,Adolescent,Electronics,4,300,1200
840,2023-05-24,Male,62,Old,Clothing,2,25,50
841,2023-11-02,Male,31,Adolescent,Electronics,4,25,100
842,2023-12-26,Female,47,Middle Age,Clothing,2,300,600
843,2023-05-22,Male,21,Adolescent,Beauty,3,500,1500
844,2023-10-12,Male,35,Middle Age,Clothing,3,50,150
845,2023-01-06,Male,54,Middle Age,Clothing,1,500,500
846,2023-09-22,Male,42,Middle Age,Beauty,1,50,50
847,2023-04-08,Female,18,Adolescent,Electronics,4,300,1200
848,2023-02-13,Female,63,Old,Clothing,3,25,75
849,2023-05-04,Male,32,Middle Age,Clothing,2,25,50
850,2023-07-28,Female,26,Adolescent,Beauty,2,500,1000
851,2023-09-08,Male,32,Middle Age,Electronics,2,25,50
852,2023-10-12,Female,41,Middle Age,Clothing,1,300,300
853,2023-05-04,Male,21,Adolescent,Beauty,2,500,1000
854,2023-12-20,Male,29,Adolescent,Clothing,1,50,50
855,2023-09-01,Male,54,Middle Age,Beauty,1,25,25
856,2023-11-27,Male,54,Middle Age,Electronics,4,30,120
857,2023-12-31,Male,60,Old,Electronics,2,25,50
858,2023-09-09,Male,23,Adolescent,Electronics,2,50,100
859,2023-08-18,Female,56,Old,Electronics,3,500,1500
860,2023-01-09,Male,63,Old,Clothing,4,50,200
861,2023-02-17,Female,41,Middle Age,Clothing,3,30,90
862,2023-05-31,Male,28,Adolescent,Electronics,4,300,1200
863,2023-04-24,Female,30,Adolescent,Electronics,2,25,50
864,2023-07-27,Female,51,Middle Age,Electronics,1,500,500
865,2023-12-21,Female,42,Middle Age,Clothing,1,300,300
866,2023-05-05,Male,24,Adolescent,Electronics,1,50,50
867,2023-06-06,Male,21,Adolescent,Electronics,1,500,500
868,2023-12-06,Female,25,Adolescent,Electronics,1,300,300
869,2023-10-25,Male,37,Middle Age,Beauty,3,500,1500
870,2023-07-08,Female,46,Middle Age,Electronics,4,30,120
871,2023-08-31,Male,62,Old,Beauty,2,30,60
872,2023-10-11,Female,63,Old,Beauty,3,25,75
873,2023-09-29,Female,27,Adolescent,Electronics,4,25,100
874,2023-06-26,Male,60,Old,Beauty,1,30,30
875,2023-08-06,Female,51,Middle Age,Electronics,4,500,2000
876,2023-10-09,Male,43,Middle Age,Clothing,4,30,120
877,2023-06-19,Female,58,Old,Clothing,1,25,25
878,2023-06-30,Female,20,Adolescent,Clothing,1,30,30
879,2023-12-26,Male,23,Adolescent,Clothing,1,30,30
880,2023-08-21,Male,22,Adolescent,Beauty,2,500,1000
881,2023-05-19,Male,22,Adolescent,Electronics,1,300,300
882,2023-06-06,Female,64,Old,Electronics,2,25,50
883,2023-05-09,Male,40,Middle Age,Electronics,1,500,500
884,2023-04-29,Female,26,Adolescent,Clothing,2,30,60
885,2023-03-03,Female,52,Middle Age,Clothing,4,30,120
886,2023-04-09,Male,37,Middle Age,Electronics,3,300,900
887,2023-06-11,Male,59,Old,Clothing,4,25,100
888,2023-03-03,Female,52,Middle Age,Electronics,4,25,100
889,2023-10-02,Female,35,Middle Age,Electronics,1,50,50
890,2023-12-20,Male,34,Middle Age,Electronics,2,25,50
891,2023-04-05,Male,41,Middle Age,Electronics,3,300,900
892,2023-04-09,Male,20,Adolescent,Electronics,1,50,50
893,2023-04-21,Male,49,Middle Age,Electronics,1,50,50
894,2023-09-05,Male,52,Middle Age,Electronics,1,30,30
895,2023-05-22,Female,55,Old,Clothing,4,30,120
896,2023-10-29,Female,30,Adolescent,Electronics,2,25,50
897,2023-09-26,Female,64,Old,Electronics,2,50,100
898,2023-11-02,Female,42,Middle Age,Clothing,3,30,90
899,2023-05-25,Male,26,Adolescent,Clothing,2,300,600
900,2023-02-21,Male,21,Adolescent,Clothing,2,30,60
901,2023-04-10,Male,31,Adolescent,Electronics,1,30,30
902,2023-06-01,Female,54,Middle Age,Beauty,1,50,50
903,2023-04-27,Female,51,Middle Age,Beauty,4,50,200
904,2023-07-04,Male,28,Adolescent,Clothing,1,500,500
905,2023-04-02,Male,58,Old,Beauty,1,300,300
906,2023-06-04,Female,20,Adolescent,Clothing,1,50,50
907,2023-01-08,Female,45,Middle Age,Electronics,1,25,25
908,2023-12-29,Male,46,Middle Age,Beauty,4,300,1200
909,2023-10-01,Male,26,Adolescent,Electronics,1,300,300
910,2023-03-06,Female,20,Adolescent,Beauty,3,50,150
911,2023-05-21,Male,42,Middle Age,Electronics,3,300,900
912,2023-01-24,Male,51,Middle Age,Beauty,3,50,150
913,2023-01-28,Male,29,Adolescent,Electronics,3,30,90
914,2023-10-11,Female,59,Old,Electronics,1,500,500
915,2023-05-30,Female,26,Adolescent,Beauty,3,30,90
916,2023-12-24,Female,32,Middle Age,Electronics,1,50,50
917,2023-03-06,Female,57,Old,Electronics,4,50,200
918,2023-11-23,Female,42,Middle Age,Electronics,3,30,90
919,2023-09-09,Female,22,Adolescent,Beauty,2,25,50
920,2023-02-22,Female,28,Adolescent,Beauty,3,25,75
921,2023-01-07,Male,51,Middle Age,Electronics,3,25,75
922,2023-10-21,Male,41,Middle Age,Electronics,1,50,50
923,2023-05-26,Male,32,Middle Age,Beauty,3,300,900
924,2023-08-29,Male,55,Old,Beauty,2,50,100
925,2023-09-03,Male,25,Adolescent,Electronics,1,300,300
926,2023-08-14,Male,22,Adolescent,Electronics,1,30,30
927,2023-06-24,Male,43,Middle Age,Electronics,4,500,2000
928,2023-04-05,Female,35,Middle Age,Clothing,4,300,1200
929,2023-01-27,Female,23,Adolescent,Beauty,3,25,75
930,2023-05-10,Male,54,Middle Age,Clothing,4,50,200
931,2023-09-02,Male,30,Adolescent,Beauty,4,30,120
932,2023-02-28,Female,45,Middle Age,Beauty,4,25,100
933,2023-02-03,Male,22,Adolescent,Beauty,1,30,30
934,2023-07-25,Male,30,Adolescent,Beauty,1,500,500
935,2023-09-09,Female,34,Middle Age,Beauty,1,50,50
936,2023-02-07,Male,57,Old,Beauty,4,50,200
937,2023-10-23,Female,62,Old,Beauty,1,500,500
938,2023-11-19,Male,49,Middle Age,Clothing,4,50,200
939,2023-12-18,Female,46,Middle Age,Electronics,1,300,300
940,2023-01-28,Female,20,Adolescent,Electronics,1,30,30
941,2023-03-19,Female,57,Old,Clothing,2,25,50
942,2023-03-18,Male,51,Middle Age,Clothing,3,500,1500
943,2023-10-16,Female,57,Old,Clothing,4,300,1200
944,2023-06-05,Male,44,Middle Age,Clothing,2,25,50
945,2023-02-13,Male,30,Adolescent,Beauty,1,25,25
946,2023-05-08,Male,62,Old,Electronics,4,500,2000
947,2023-03-02,Male,50,Middle Age,Beauty,1,300,300
948,2023-10-13,Female,23,Adolescent,Electronics,3,25,75
949,2023-08-02,Female,41,Middle Age,Electronics,2,25,50
950,2023-11-07,Male,36,Middle Age,Clothing,3,300,900
951,2023-11-02,Male,33,Middle Age,Beauty,2,50,100
952,2023-11-13,Female,57,Old,Clothing,1,25,25
953,2023-04-26,Male,45,Middle Age,Beauty,3,30,90
954,2023-09-25,Female,50,Middle Age,Electronics,3,300,900
955,2023-07-14,Male,58,Old,Clothing,1,25,25
956,2023-08-19,Male,30,Adolescent,Clothing,3,500,1500
957,2023-08-15,Female,60,Old,Electronics,4,30,120
958,2023-06-02,Male,62,Old,Electronics,2,25,50
959,2023-10-29,Female,42,Middle Age,Electronics,2,30,60
960,2023-08-08,Male,59,Old,Clothing,2,30,60
961,2023-06-06,Male,53,Middle Age,Beauty,4,50,200
962,2023-10-19,Male,44,Middle Age,Clothing,2,30,60
963,2023-11-14,Female,55,Old,Beauty,1,50,50
964,2023-01-31,Male,24,Adolescent,Clothing,3,300,900
965,2023-11-09,Male,22,Adolescent,Clothing,4,50,200
966,2023-02-20,Male,60,Old,Electronics,2,500,1000
967,2023-04-17,Male,62,Old,Beauty,1,25,25
968,2023-11-17,Female,48,Middle Age,Clothing,3,300,900
969,2023-04-19,Female,40,Middle Age,Clothing,3,300,900
970,2023-05-16,Male,59,Old,Electronics,4,500,2000
971,2023-12-05,Female,27,Adolescent,Electronics,4,50,200
972,2023-02-11,Male,49,Middle Age,Beauty,4,25,100
973,2023-03-22,Male,60,Old,Clothing,1,50,50
974,2023-05-03,Male,47,Middle Age,Beauty,1,30,30
975,2023-03-30,Female,56,Old,Clothing,4,50,200
976,2023-10-10,Female,48,Middle Age,Beauty,2,300,600
977,2023-02-08,Female,35,Middle Age,Electronics,3,25,75
978,2023-03-22,Female,53,Middle Age,Clothing,3,50,150
979,2023-01-02,Female,19,Adolescent,Beauty,1,25,25
980,2023-07-29,Female,31,Adolescent,Electronics,3,25,75
981,2023-08-19,Female,30,Adolescent,Electronics,2,30,60
982,2023-12-19,Female,46,Middle Age,Beauty,3,30,90
983,2023-11-01,Female,29,Adolescent,Clothing,1,300,300
984,2023-08-29,Male,56,Old,Clothing,1,500,500
985,2023-05-30,Female,19,Adolescent,Electronics,2,25,50
986,2023-01-17,Female,49,Middle Age,Clothing,2,500,1000
987,2023-04-29,Female,30,Adolescent,Clothing,3,300,900
988,2023-05-28,Female,63,Old,Clothing,3,25,75
989,2023-12-28,Female,44,Middle Age,Electronics,1,25,25
990,2023-05-25,Female,58,Old,Beauty,2,500,1000
991,2023-12-26,Female,34,Middle Age,Clothing,2,50,100
992,2023-08-21,Female,57,Old,Electronics,2,30,60
993,2023-02-06,Female,48,Middle Age,Electronics,3,50,150
994,2023-12-18,Female,51,Middle Age,Beauty,2,500,1000
995,2023-04-30,Female,41,Middle Age,Clothing,1,30,30
996,2023-05-16,Male,62,Old,Clothing,1,50,50
997,2023-11-17,Male,52,Middle Age,Beauty,3,30,90
998,2023-10-29,Female,23,Adolescent,Beauty,4,25,100
999,2023-12-05,Female,36,Middle Age,Electronics,3,50,150
1000,2023-04-12,Male,47,Middle Age,Electronics,4,30,120
